index,prediction_score
1,0.0000001
2,0.0000002
3,0.0000003
...,...